1,Colombo 01
2,Colombo 02
3,Colombo 03
4,Colombo 04
5,Colombo 05
6,Colombo 06
7,Colombo 07
8,Colombo 08
9,Colombo 09
10,Colombo 10
11,Colombo 11
12,Colombo 12
13,Colombo 13
14,Colombo 14
15,Colombo 15
16,Bambalapitiya
17,Borella
18,Cinnamon Garden
19,Dematagoda
20,Fort
21,Grandpass
22,Hawlock City
23,Jawaththa 
24,Kirulapona
25,Kollupitiya
26,Kotahena
27,Maligawatta
28,Maradana
29,Mattakkuliya
30,Narahenpita
31,Orugodawatta
32,Pamankada
33,Pettah
34,Polhengoda
35,Punchi Borella
36,Slave Island
37,Thimbirigasyaya
38,Thotalaga
39,Thummulla
40,Torrigton
41,Wellawaththa
42,Union Place
43,Aggona
44,Akuregoda
45,Alubomulla
46,Amaragoda
47,Ambagaha Junction
48,Amuatamulla
49,Andiyambalama
50,Angoda
51,Angulana
52,Apegama
53,Arangala
54,Arawwala
55,Aththidiya
56,Athurugiriya
57,Attidiya
58,Awariyawatta
59,Bandaragama
60,Bandarawatta
61,Bandrawatta
62,Batapotha
63,Batewala
64,Battaramulla
65,Batuwandhara
66,Batuwatta
67,Bedhdhagana
68,Bellanthara
69,Bellanvila
70,Biyagama
71,Bokundhara
72,Boralasgamuwa
73,Boralesgamuwa
74,Borupona
75,Bulugha Handiya
76,Dalugama
77,Dambadure
78,Dampe
79,Danugama
80,Dedigamuwa
81,Dehiwala
82,Delathara
83,Delgoda
84,Delkanda
85,Delpey Junction 
86,Depanama
87,Dhadigamuwa
88,Dhelkanda
89,Diyagama
90,Diyakadahena
91,Dolekanaththa
92,Egoda Uyana
93,Egodawaththa
94,Elapitiwela
95,Ethulkotte
96,Galwarusa
97,Ganewatta
98,Gangodawila
99,Gansaba Junction
100,Godagama
101,Gonamadiththa
102,Gonapala
103,Gonapola Junction
104,Gonawala
105,Gorakana
106,Gothatuwa
107,Habarakada
108,Halbarawa
109,Halpita
110,Himbutana
111,Hinatikumbura
112,Hiripitiya
113,Hiripitya (Kottawa)
114,Hokandara
115,Hokandhara
116,Homagama
117,Idama
118,Idh
119,Idhibadhdha
120,Ihala Bomiriya 
121,Jaburaliya
122,Jalthara
123,Kadalana
124,Kadana
125,Kadawatha
126,Kaduwela
127,Kahanthota
128,Kahapola
129,Kahathuduwa
130,Kalalgoda
131,Kalapaluwawa
132,Kalubovila
133,Kalubowila
134,Karadhiyana
135,Karagampitiya
136,Katana
137,Kattiya Junction
138,Katubedda
139,Katunayaka
140,Katuwaana
141,Katuwawala
142,Kelanimulla
143,Kelaniya
144,Kesbawa
145,Kesbewa
146,Kimbulapitiya
147,Kimbulawala
148,Kiribathgoda
149,Kirigampamunuwa
150,Kiriwaththuduwa
151,Kohilawatta
152,Kohuwala
153,Kohuwela
154,Kolonnawa
155,Koralawella
156,Korale Ima
157,Koralima
158,Korothata
159,Koswaththa-Battaramulla
160,Koswatta
161,Kothalawela 
162,Kotikawatta
163,Kotiyagoda
164,Kotiyakubura
165,Kottawa
166,Kotte
167,Kotugoda
168,Kovinna
169,Kubuka 
170,Kudamadhuwa
171,Kumaragewattha
172,Lakshapathiya
173,Lenagala
174,Lunawa
175,Mabima
176,Mabola
177,Madapatha
178,Madhawalikada
179,Madhinnagoda
180,Madinnagoda
181,Magammana
182,Mahabage 
183,Mahalwarawa
184,Mahara
185,Maharagama
186,Makndana
187,Makola
188,Makumbura
189,Malabe
190,Malwana
191,Mampe
192,Maththegoda
193,Mathumagala
194,Mawaramandiya
195,Mawiththara
196,Meegoda
197,Molpe
198,Moragahahena
199,Moragasmulla
200,Moratumulla
201,Moratuwa
202,Mount Lavinia
203,Mullegama
204,Mulleriyawa
205,Mulleriyawa New Town
206,Muththetugoda
207,Nawala
208,Nawala Koswaththa
209,Nawinna
210,Nedimala
211,Nilammahara
212,Nugegoda
213,Obesekara Pura
214,Orugodawatha
215,Orugodawatta
216,Oruwala
217,Pahala Bomiriya
218,Palawaththa-Battaramulla
219,Panadura 
220,Panagoda
221,Pannipitiya
222,Papiliyana
223,Pattivila
224,Pattiya Handiya
225,Peelwatta
226,Pelawaththa
227,Peliyagoda
228,Peragas Handiya
229,Perlanda
230,Pethiyagoda 
231,Piliyandala
232,Piliyandhala
233,Pitakotte
234,Pitipana
235,Pittugala
236,Polgasowita
237,Pore
238,Porethota
239,Pothuarawa
240,Puwakwaththa
241,Ragama
242,Rajagiriya
243,Rakgahawatta
244,Ranala
245,Rathanapitiya
246,Rathmalana
247,Rathmalna
248,Ratmalana
249,Rawathawaththa
250,Rilawala
251,Rukmalgama
252,Salamulla
253,Salmal Uyana
254,Santhalokagama
255,Sapugaskanda
256,Sedawatha
257,Shanthipura
258,Sidhdhamulla
259,Singhepura
260,Siyabalape 
261,Sri Jayawardenepura
262,Swurapola
263,Talawatugoda
264,Talwatta
265,Thalagala
266,Thalahena
267,Thalangama
268,Thalawathugoda
269,Thaldhiyawala
270,Thewatta
271,Thudella
272,Thuduwa
273,Thumbowila
274,Udahamulla
275,Udammita
276,Uswetakeyawa
277,Wadurammulla
278,Walgama
279,Walpola
280,Wanaguru Lane
281,Wanawasala
282,Waragoda
283,Waththala
284,Waththegedhara
285,Wattala
286,Welipillawa
287,Welisara
288,Welivitha
289,Wellampitiya
290,Weniwalkola
291,Werahara
292,Wethara
293,Wewala
294,Weyangoda
295,Wijerama
296,Wijithapura
297,Willorawaththa
298,Yakahaluwa
299,Abagaspitiya
300,Abagaswewa
301,Abakadaweila
302,Abanpola
303,Abepura
304,Abesekaragama
305,Abulgama
306,Adalla
307,Adampane
308,Adawala
309,Adhaulpatha
310,Adhikarigama
311,Adippala
312,Agalawatta 
313,Agaliya
314,Agaloya
315,Agarapathana
316,Agunukolapalassa
317,Aguruwella
318,Ahalakanda
319,Ahalankulama
320,Ahangama
321,Ahelepola
322,Ahetuwewa
323,Ahungalla
324,Aivela
325,Akarawatta
326,Akarawita
327,Akiriya
328,Akkara 50
329,Akkaragama
330,"Akkarella,"
331,Akmeemana
332,Akurala
333,Akurana
334,Akuranboda
335,Akuressa
336,Akuregoda
337,Aladaluwa
338,Alagalla
339,Alahitimulla
340,Alanguda
341,Alapaladeniya
342,Alawaththenna
343,Alawathugoda
344,Alawathura
345,Alawela
346,Alawwa
347,Algama
348,Allewewa
349,Alpitiya
350,Alugolla
351,Alukatiyawa
352,Alupola
353,Alupotha
354,Alupothdeniya
355,Alutgama
356,Aluth Ambalama
357,Aluth Herathgama
358,Aluth Wala
359,Aluthapola
360,Aluthgama
361,Aluthgama 
362,Aluthgma 
363,Aluthnuwara
364,Aluthwala
365,Aluthwewa
366,"Aluthwewa,"
367,Aluwihare
368,Alwatta
369,Amaragedara
370,Ambagamuva
371,Ambagasdowa
372,Ambagaspitiya
373,Ambagaswewa
374,Ambakka
375,Ambalangoda
376,Ambalanthota
377,Ambanpitiya
378,Ambanpola
379,Ambathandegama
380,Ambathenna
381,Ambegoda
382,Ambepussa
383,Ambepussa Station 
384,Ambewela
385,Ambulugala
386,Ambuluwawa
387,Amithirigala
388,Ampagala
389,Ampe
390,Ampegama
391,Ampitithenna
392,Ampitiya
393,Amugoda
394,Amunudowa
395,Amunugama
396,Amunukole
397,Amunuthenna
398,"Amupitiya,"
399,Amuwala
400,Anakatawa
401,Anamaduwa
402,Andaragasyaya
403,Andarawewa
404,Andiyagala
405,Andiyambalama
406,Angulugaha
407,Angunawala
408,Angunuvila
409,Anguruwatota
410,Aniwatta
411,Ankokkawala
412,Ankubura
413,Ankumbura
414,Anukkane
415,Anuradhapura
416,Aparekka
417,Arabokka
418,Arachchikanda
419,Arachchikattuwa
420,Aradana Kanda
421,Arambe Handiya
422,Arambekade
423,Arambekema
424,Aranaganvila Tawn
425,Aranayaka
426,Arandara
427,Arangala
428,Arawa
429,Arawaththa
430,Areporuwa
431,Aruggammana
432,Arunagama
433,Arunapura
434,Aruppola
435,Aselapura
436,Asgiriya
437,Asmadala
438,Atabagaslanda
439,Atabage
440,Atabooya
441,Atala
442,"Athabediwewa,"
443,Athbediwewa
444,Athgala
445,Athipola
446,Aththanakadawala
447,Athulapura
448,Athumallpitiya
449,Athuparayaya
450,Athuraliya
451,Athwalthota 
452,Atigala
453,Atlongwatta
454,Atolugama 
455,Attampitiya
456,Attavilluwa
457,Atthiligoda
458,Atugoda
459,Atulugama
460,Aulegama
461,Avissawella 
462,Aviththawa
463,Awkana
464,Ayagama
465,Babaragoda
466,Badalgama
467,Badalkubura
468,Badalkumbura
469,Baddegama
470,Badulla
471,Baduluoya
472,Badulupitiya
473,Baduluvela
474,Baduradoda
475,Baduraliya
476,Baduraliya 
477,Baduwaththa
478,Bagawanthalawa
479,Bakamoona
480,Bakamuna
481,Bakinigahawela
482,Balagoda
483,Balagolla
484,"Balaharuwa,"
485,Balakaduwa
486,Balalla
487,Balaluwewa
488,Balana
489,Balangoda
490,Balanthota
491,Balapitiya
492,Balawala
493,Ballagaswawa
494,Ballanthudawa
495,Ballapana
496,Ballapitiya
497,Balleketuwa
498,Bambaradeniya
499,Bambaragahaalla
500,Bambaragaswewa
501,Bambarapana
502,Bambawa
503,Bambukuliya
504,Bammana
505,Bammanna
506,Bamunakotuwa
507,Bamunugama
508,Bamunugedara
509,Bamunukotuwa
510,Banagoda
511,Bandaragama 
512,Bandarapola
513,Bandarapura
514,Bandarawatta
515,Bandarawela
516,Bandhawa
517,Bandirupppuwa
518,Bangadeniya
519,Bangama
520,Bar Junshan
521,Baragama
522,Baragedara
523,Barandana
524,Barawakubuka
525,Barawakumbuka
526,Barigama
527,Barigoda
528,Bataduwa
529,Bataganwilla
530,Batagoda
531,Batamandiya
532,Batangala
533,Batapola
534,Batatha
535,Batewela
536,Batugammana
537,Batugedra
538,Batuhena
539,Batumulla
540,Batuoya
541,Batuwatta
542,Batuwita
543,Bawwagama
544,Bd 05
545,Beddewala
546,Bediwewa
547,Beliatta
548,Beligaha
549,Beligala
550,Beligamuwa
551,Belihuloya
552,Beliyakanda
553,Bellana 
554,Bellankadawala
555,Belummahara
556,Bembada
557,Bemmulla
558,Bemmullegedara
559,Bengamuwa
560,Benthota
561,Beragala
562,Beralapanathara
563,Beralihela
564,Beranduwa
565,Beruwala
566,Beruwala 
567,Bibila
568,Bibiladeniya
569,Bibilegama
570,Bihalpola
571,Bindunuwewa
572,Bingiriya
573,Binkama
574,Biridewela
575,Bisobandaragama
576,Bobella
577,Bodagama
578,Bodimaluwa
579,Bodirajapura 
580,Bogahagoda
581,Bogahamadittha
582,Bogahapalassa
583,Bogakumbura
584,Bogala 
585,Bogamuwa
586,Bogawanthalawa
587,Bogawatha
588,Bohingamuwa
589,Bokkawala
590,Bolana
591,Bolawalana
592,Bollathe 
593,Bolossagama 
594,Bomburuella
595,Bombuwala 
596,Boogasballa
597,Boombuwa
598,Boossa
599,Bootewa
600,Bop 400
601,Bopagoda
602,Bopana
603,Bopathgama
604,Bope
605,Bopethttha
606,Bopetta
607,Bopitiya
608,Boragas
609,Borakanda
610,Boralanda
611,Boralessa
612,Boralugoda
613,Boraluhena
614,Boralukanda
615,Boraluwawe
616,Bossella
617,Bothalapitiya
618,Bothale
619,Bothalegama
620,Bovitiya Mulla
621,Bowala
622,Bowathenna
623,Bowatta
624,Bowela
625,Boyagama
626,Boyagane
627,Boyagoda
628,Bubula
629,Buddigama
630,Budugehinna
631,Buduruwa Kanda
632,Bujjampola
633,Bulagala
634,"Bulathgama,"
635,Bulathkade Handiya 
636,Bulathkohupitiya
637,Bulathsinhala
638,Bulatkohupitiya City 
639,Bulnewa
640,Bulugahagoda 
641,Bulugahapitiya
642,Buluthota
643,Bunnehepola
644,Buruthakale
645,Buthkanda
646,Buthpitiya
647,Buththala
648,Butthala
649,Buwelikada
650,Casal Milk
651,Centnnalgerammem
652,Centralcampe Savelakkadai
653,Chanakkudiruppu
654,Chilaw
655,Chillaw
656,China Garden
657,Chithragala
658,Daapane
659,Dadalla
660,Dadayankanda
661,Dadubediruppa
662,Daduruoya
663,Dagonna
664,Dahamipura
665,Dahanegedara
666,Dairaba
667,Daiyangegama
668,Dakunu Iwura
669,Daladagama
670,Dalawalla
671,Dalpitiya
672,Daluggala
673,Dalupitiya
674,Dalupotha
675,Daluwa
676,Daluwakotuwa
677,Dambadeniya
678,Dambagalla
679,Dambagolla
680,Dambarawa
681,Dambavinna
682,Dambetenna
683,Dambokka
684,Dambra
685,Dambulla
686,Dambuluhalmillawewa
687,Dambuluoya
688,Damminna
689,Dampahala
690,Dampelessa
691,Damsopura
692,Damunupola
693,Dandagamuwa
694,Dandeniya
695,Dangadara
696,"Dangasmandiya,"
697,Dangedara
698,Dankanda
699,Dankotuwa
700,Dankotuwa 
701,Danovita
702,Danthure
703,Danture
704,Daraluwa
705,Darga Town 
706,Darshanagama
707,Dartyonfeild Road 
708,Daulagala
709,Dauwalagama
710,Davulagala
711,Dayagama
712,Debarawewa
713,Debathgama
714,Debegama
715,Debokkawa
716,Dedigama
717,Dedugala
718,Dedunupitiya
719,Dedunupitiya 
720,Deegalla
721,Deegas Mulla 
722,Deewela
723,Deeyakaduwa 
724,Deeyawala
725,Dehelgamuwa
726,Dehenakanda
727,Dehigahalanda
728,"Dehigasthalawa,"
729,Dehigolla
730,Dehiovita
731,Dehiowita
732,Dehipe
733,Dehiyangalla 
734,Deiyandara
735,Deiyangama
736,Dekatana
737,Dekinda
738,Dela
739,Deldeniya
740,Delgas Handiya
741,Delgas Junction 
742,Deliwala 
743,Deliyawa
744,Dellanga
745,Dellawa
746,Delmalla
747,Delta Estate
748,Deltota
749,Delwala
750,Demadaoya
751,Demanhandiya
752,Dematapitiya
753,Demodara
754,"Demodara,"
755,"Denagama,"
756,Denikade
757,Denipitiya
758,Denipitiye
759,Deniya
760,Deniyaya
761,Deniyegama
762,Denuwala
763,Derangala
764,Deraniyagala Town
765,Deuldeniya.
766,Devalahandiya
767,Devipahala
768,Dewa Giripura
769,Dewahoowa
770,Dewahuwa
771,Dewalahida
772,Dewalapola
773,Dewalegama
774,Dewalpola
775,Dewanagala
776,Dewata
777,Dewndara
778,Dewramwehera
779,Dhabana
780,Dhalupotha
781,Dhamana
782,Dhambadeniya
783,Dibbadda
784,Dibulagala
785,Dickoya
786,Dickwella
787,Digampathaha
788,Digana
789,Digandala
790,Diganwawe
791,Dikdeniya
792,Dikhena
793,Dikkiriyawatta
794,Dikkubura
795,Dimbulgamuwa
796,Dimiyawa
797,Dippitiya
798,Diulapitiya
799,Diulwewa
800,Diurumpitiya
801,Divulapitiya
802,Diwlankadawala
803,Diwrumpola
804,Diyabeduma
805,Diyagaha
806,Diyakaduwa
807,Diyakobala
808,Diyannewala
809,Diyapota
810,Diyasenpura
811,Diyatalawa
812,"Diyawinna,"
813,Dobagaskanda
814,Dobagoda
815,Dobawalagama
816,Dobhawala
817,Dodamgoda 
818,Dodampe
819,Dodamwala
820,Dodandeniya
821,Dodanduwa
822,Dodangaslanda
823,Dodangoda
824,Dolampoththa
825,Dolapihilla
826,Dolosbage
827,Doloswalakanda
828,Doluwa
829,Dombagoda
830,Dombawela
831,Dompe 
832,Doolgolla
833,Dope
834,Doragala
835,Doragamuwa
836,Dorakubura
837,Dorapane
838,Dorawaka
839,Duakadeniya
840,Dullewa
841,Dummaladeniya
842,Dummalasooriya
843,Dunagaha
844,Dungalpitiya
845,Dunhida
846,Dunkannawa
847,Dunkolahena
848,Dunkolawatta
849,Dunukeulla
850,Dunukewatta
851,"Durakanda,"
852,Dutuwewa
853,Ederagala
854,"Edimorwaththa,"
855,Edurapotha 
856,Ehala Rathgama
857,Eheliyagoda
858,Ehetuwewa
859,Ekala
860,Ekiriyankubura
861,Elabadagama
862,Elagamuwa
863,Elahera
864,Elapatha
865,Elathalawa
866,Eldeniya
867,Elibichchiya
868,Eliwila
869,Elkaduwa
870,Ella
871,Ella Kanda
872,Ellawa
873,Ellawala
874,"Ellepola,"
875,Elpitiya
876,Eluwankulam 
877,Eluwapitiya
878,Eluwapola
879,Eluwila 
880,Elwala 
881,Embaroluwa
882,Embilipitiya
883,Embuldeniya
884,Enamalpotha
885,Endana
886,Eppawawala
887,Erabadda
888,Erathna
889,Eravar
890,Erepola
891,Erin Estate
892,Essella
893,Eswatta
894,Ethkandura
895,Ethnawala
896,Ethoya
897,Ethungahakotuwa
898,Ettampitiya
899,Ewariwatta
900,Gabbala 
901,Gabbela
902,Gagasiripura
903,Gageyaya
904,Gaiyala
905,Gala Handiya 
906,Galabada
907,Galadiwulwewa
908,Galagama
909,"Galagama,"
910,Galagedara
911,Galagedarah/Homagama
912,Galagoda
913,Galaha
914,Galahena
915,Galamuna
916,Galapitagala
917,Galapitamada
918,Galapitamadama
919,Galatha
920,Galathara
921,Galathara 
922,Galauda
923,Galedanda
924,Galenbindunuwewa
925,Galewela
926,Galgammulla
927,Galgamuwa
928,Galgamuwa 
929,Galgediyawa
930,"Galgoda,"
931,"Galhira,"
932,Galigamuwa 
933,Galkalla
934,Galkanda
935,"Galkanda,"
936,Galkiriyagama
937,Galkulama
938,Galkuliya
939,Gallassa
940,Galle
941,Galle 
942,Gallella
943,Gallewa
944,Galmaththa
945,Galmulla
946,Galmuruwa
947,Galnewa
948,Galoya
949,Galpatha
950,Galpaya
951,Galpihilla
952,Galtenwewa
953,Galthabarawa
954,Galthenna
955,Galwala
956,Galwetiyawa
957,Gam Udawa
958,Gamakanda
959,Gamewela
960,Gamini Mw
961,Gammaddegoda
962,Gammana
963,Gampaha
964,Gampola
965,Gampolawela
966,Gamunupura
967,Ganangamuwa
968,Ganangolla
969,Gandara
970,Ganegama
971,Ganegoda
972,Ganemulla
973,Ganethenna
974,Ganewattha
975,Ganewelpola
976,Gangevadiya
977,Gangewatta
978,Ganhatha
979,Ganithapura
980,Gannoruwa
981,Ganthiriyagama
982,Ganthuna
983,Gasnawa
984,Gatambe
985,Gatulawe
986,Gawaragiriya
987,Gelioya
988,Gemunupura
989,Gepallawa
990,Getahetta
991,Getalawa
992,Getamanna
993,Gettuwana
994,Gevilipitiya
995,Gilimale
996,Ginigala
997,Ginigathehena
998,Ginigathhena
999,Ginimalla Gaha
1000,Ginthota
1001,Giragama
1002,Giribawa
1003,Giridara
1004,Girithale
1005,Giriulla 
1006,Godagampala
1007,Godakanda
1008,Godakawela
1009,Godapola
1010,Godawela
1011,Godigamuwa
1012,Godunna
1013,Gokarella
1014,Goluwawila
1015,Gomadiya
1016,Gomarankalla
1017,Gomila Mawarala
1018,Gomugomuwa
1019,Gonadeniya
1020,Gonagala
1021,Gonagaldeniya
1022,Gonagama
1023,Gonagamuwa
1024,Gonaganara
1025,Gonagolla
1026,Gonahena 
1027,Gonakumbura
1028,Gonamotawa
1029,Gonamulla
1030,Gonapathirawa
1031,Gonapinuwal
1032,Gonapitiya
1033,Gonawila
1034,Gonbaddala
1035,Gonnoruwa
1036,Goragaswagara
1037,Gorakaya
1038,Gorakela
1039,Gothamigama
1040,Gothatuwa
1041,Goviina
1042,Govinna
1043,Growhill
1044,Gunnepana
1045,Guralawela
1046,"Gurubewila,"
1047,Gurubewilagama
1048,Gurudala 
1049,Gurudeniya
1050,Gurugama
1051,Gurugoda
1052,Gurukale
1053,Gurukubadda 
1054,Gurulupotha
1055,Gurupokuna
1056,Guruthalawa
1057,Habaraduwa
1058,Habarana
1059,Habaraththawala
1060,Habudugala
1061,Haburugala
1062,Hachchikutti
1063,Hadapangoda
1064,Hadawinna
1065,Hadeniya
1066,Hadigalla 
1067,Hadigalla Janapadaya 
1068,Hadungamuwa
1069,Hagala
1070,Haggala
1071,Haggamuwa
1072,Haguranketha
1073,Hakamuwa
1074,Hakbellawaka
1075,Hakgala
1076,Hakmana
1077,Hakuruwela
1078,Haldamuula
1079,Halekada
1080,Haliela
1081,Haliwala
1082,Halkandaliya
1083,Halkandawila 
1084,Hallala
1085,Halmillawawe
1086,Haloluwa
1087,Halpanwila
1088,Halpe
1089,"Halpe,"
1090,Halthota
1091,Halwathura
1092,Halyala
1093,Hamangalla
1094,Hamannaphuwa
1095,Hambanthota
1096,Hammalawa
1097,Hampegama
1098,Handagiriya
1099,Handessa
1100,Handugala
1101,Hanthana
1102,Hanwella
1103,Hapathgamuwa
1104,"Hapugahakumbura,"
1105,Hapugala
1106,Hapugaspitiya
1107,Hapugasthalawa
1108,Hapugasthenna
1109,Haputale
1110,Harakola
1111,Harankawa
1112,Harasbedda
1113,Harigala
1114,Harumalgoda
1115,Hasalaka
1116,"Hatangala,"
1117,Hathagala
1118,Hathamuna
1119,Hathamunagala
1120,"Hatharabage,"
1121,Hatharaliyadda
1122,Hathareskotuwa
1123,Hathkella
1124,Hathporuwa
1125,Haththella
1126,Haththiniya
1127,Hatton
1128,Haupe
1129,Hawaeliya
1130,Hawuluwa
1131,Heenatigala
1132,Heenatiyangala 
1133,Heenmoragolla
1134,Heeressagala
1135,Helabadugama
1136,Helamada
1137,Helamba 
1138,Helaudakanda
1139,Hemmathagama
1140,Henegama
1141,Hettikanda
1142,Hettimulla
1143,Hettipola
1144,Hevanakumbura
1145,Hewadiwela
1146,Hewaheta
1147,Hidellana
1148,Hidogama
1149,Hidurangala
1150,Higgashena
1151,Highforest
1152,Higura Ara
1153,Higurakanda
1154,Higurakgoda
1155,Higurukaduwa
1156,Hikkaduwa
1157,Hindagala
1158,Hindagoda
1159,Hindagolla
1160,Hindakalugama
1161,Hinguralakanda
1162,Hinguruwelpitiya
1163,Hiniduma
1164,Hirigal Ketiya
1165,Hiriketiya 
1166,Hirimbura
1167,Hiripitiyagama
1168,Hiripitiyawa
1169,Hiriwadunna
1170,Hiruwalpola
1171,Hiththetiya
1172,Hiyare
1173,Hodiyadeniya
1174,Homapola
1175,Hombawa
1176,Hopton
1177,Horagolla
1178,Horambawa
1179,Horampella
1180,Horana
1181,Horapavita
1182,Horapola
1183,Horathepola
1184,Horawala
1185,Horiwila
1186,Horombawa
1187,Hripitiya
1188,Hulandawa
1189,Huluganga
1190,Hundirapola
1191,Hungama
1192,Hungampola
1193,Hunganwela
1194,Hunnasfalls
1195,Hunnasgiriya
1196,Hunnasgiriya Estate
1197,"Hunuwala,"
1198,Hurigaswewa
1199,Hurimaluwa
1200,Ibbagamuwa
1201,Ibbankatuwa
1202,Idalgastinna
1203,Idangama
1204,Idangoda
1205,Iddagoda 
1206,Iddamalgoda
1207,Idigasketiya
1208,Idigolla
1209,Idiwinna
1210,Iduru Path Willa
1211,Iduruwa
1212,Ihala Halmillewa
1213,Ihala Kalugamuwa
1214,Ihala Kimbiya
1215,Ihala Yagoda
1216,Ihalabeligalla
1217,Ihalagama
1218,Ihalakotte
1219,Ihalamadampella
1220,Ikiriwewa
1221,Ikiriyagoda
1222,Ikiriyagolla
1223,Ikkapallma
1224,Ilimba
1225,Ilippadeniya
1226,Illangawatta
1227,"Illukkumbura,"
1228,Ilukhena
1229,Ilukwaththa
1230,Imaduwa
1231,Imboolpitiya
1232,Imbulana
1233,Imbulgasdeniya
1234,Imbulgoda
1235,Imbulgoda 
1236,Inamaluwa
1237,Induruwa
1238,Inginimitiya
1239,Ingiriya
1240,Inigodawila
1241,Inikambedda
1242,Ipalogama
1243,Iranawila
1244,Iridapola
1245,Iriyagahamada
1246,Iriyagolla
1247,Issadin Town
1248,Isurugama
1249,Iththapana 
1250,Iththekanda
1251,Ja Ela
1252,Jadura
1253,Jagulla
1254,Jalasakanda
1255,Jambugahapitiya
1256,Jayabima
1257,Jayamalpura
1258,Jayanthi Handiya
1259,Jayanthipura
1260,Jayasundarapura
1261,Julgaha
1262,Juulampitiya
1263,Kabagamuwa
1264,Kabalana
1265,Kabaragala
1266,Kadadora
1267,Kadahapola
1268,Kadanhena
1269,Kadawalawewa
1270,Kadawatha
1271,Kadhapola
1272,Kadigamuwa
1273,Kadiragoda
1274,Kadirana
1275,Kaduboda
1276,Kadugannawa
1277,Kaduruduwa
1278,Kadurugas Ara
1279,Kadurugashandiya
1280,Kadurupokuna
1281,Kaduwela
1282,Kagama
1283,Kahabiliyawatta
1284,Kahada
1285,Kahadamodara
1286,Kahadenigama
1287,Kahaduwa
1288,Kahagolla
1289,Kahakurullanpelessa
1290,Kahambana
1291,Kahanaowita
1292,Kahangama
1293,Kahapathwala
1294,Kahatagasthenna
1295,Kahatagasyaya
1296,Kahatapitiya
1297,Kahataruppa
1298,Kahatawila
1299,Kahatowita
1300,Kahawa
1301,Kahawatta
1302,Kaikawala
1303,Kailapathana
1304,Kajugaswatta
1305,Kajuwatta
1306,Kakkapalliya
1307,Kakuladola
1308,Kala Karabewa
1309,Kalagedihena
1310,Kalagedihena 
1311,Kalahagala
1312,Kalalpitiya
1313,Kalamulla
1314,Kalankuttiya
1315,Kalaoya
1316,Kalawallawa
1317,Kalawana
1318,Kalawellawa 
1319,Kalawewa
1320,Kalegana
1321,Kalikele
1322,Kaliyawalana
1323,Kalladiya
1324,Kalmunai
1325,Kalpitiya
1326,"Kalthota,"
1327,Kaluaggala
1328,Kalubovitiyana
1329,Kalubowitiyana
1330,Kaludewala
1331,Kalugahakadura
1332,Kalugala
1333,Kalugala 
1334,Kalugamuwa
1335,Kalugohuthenna
1336,Kalundewa
1337,Kalupahana
1338,Kalutara 
1339,Kaluwella
1340,Kambiadiya
1341,Kamburapola
1342,Kamburawala 
1343,Kamburugamuwa
1344,Kamburupitiye
1345,Kammandaluwa
1346,Kanadulla
1347,Kanampella
1348,Kananke
1349,Kananwila
1350,Kanaththewewa
1351,Kandagolla
1352,Kandakadu
1353,Kandaketiya
1354,"Kandaketiya,"
1355,Kandakkuliya
1356,Kandalama
1357,Kandana
1358,Kandanegedara
1359,Kandangoda
1360,Kandapola
1361,Kandegama
1362,Kandegedara
1363,Kandenuwara
1364,Kandevihara
1365,Kandewatta
1366,Kandhapuhulpola
1367,Kandy
1368,Kanjikuliya
1369,Kankanamgama
1370,Kannangama
1371,Kannanthota
1372,Kannaththota
1373,Kanukattiya
1374,Kanupelalla
1375,Kanuwana
1376,Kappetiyagoda
1377,"Kapugala,"
1378,Kapugoda
1379,Kapuhempola
1380,Karabaganmulla
1381,Karabewa
1382,Karadagolla
1383,Karadana
1384,Karagahagedara
1385,"Karagasthalawa,"
1386,Karagoda Uyangoda
1387,Karaithivu
1388,Karaitivu
1389,Karamada
1390,Karambe
1391,Karametiya
1392,Karandagolla
1393,Karandana Bridge 
1394,Karandeniya
1395,Karandupona
1396,Karangoda
1397,Karanthippala
1398,Karapincha
1399,Karapitiya
1400,Karaulla
1401,Karawilahena
1402,Karawilayaya
1403,Karawita
1404,Karikattiya
1405,Karuvalagaswewa
1406,Karuvattukkal
1407,Kasingama
1408,Kataboolawa
1409,Katamburawa
1410,Katana
1411,Kathalugoda
1412,Kathaluwa
1413,Katharagama
1414,Kattakaduwa
1415,Kattimana
1416,Kattuwa
1417,Katudeniya
1418,Katugaha
1419,Katugahagalge
1420,Katugampola
1421,Katugasthota
1422,Katugastota
1423,Katugoda
1424,Katukeliya
1425,Katukeliyawa
1426,Katukenda
1427,Katukurunda 
1428,Katunayake 
1429,Katuneriya
1430,Katupotha
1431,Katuwakele
1432,Katuwana
1433,Katuwanwila
1434,Katuwawa
1435,Katuwellegama
1436,Kaudupalella
1437,Kavisigamuwa
1438,Kawanthissapura
1439,Kawatayamuna
1440,Kawdulla
1441,Keella
1442,Keenadeniya
1443,Keenagahawila
1444,Keenapalassa
1445,Keenawala
1446,Keerapane
1447,Keeriyankalliya
1448,Kegalle 
1449,Kehalgasshena
1450,Kehelbaddara
1451,Kehelulla
1452,Kekanadura
1453,Kekillapitiya
1454,Kekirawa
1455,Kekulandala 
1456,Kekunawela
1457,Kelaniyamulla
1458,Kelinkanda 
1459,Kempane
1460,Kendalanda
1461,Keppetigala
1462,Keppetipola
1463,Keppitiya
1464,Keselkotuwa
1465,Keselpotha
1466,Keselwatta
1467,Keselwatta 
1468,Ketagal Ara
1469,Ketakumbura
1470,Ketalawala
1471,Ketaliyanpalla
1472,Ketandola
1473,Ketawattha
1474,Ketawela
1475,Ketethenna
1476,Keyaniwasa
1477,Kibada Ellas
1478,Kibissa
1479,Kidelpitiya
1480,Kimbi Kanda
1481,Kimbulapitiya
1482,Kinivita 
1483,Kiralabokka
1484,Kiralagolla
1485,Kiralawewa
1486,Kiralogama
1487,Kirama
1488,Kiravanagama
1489,Kiribathkumbura
1490,Kiribbanara
1491,Kiribbanwewa
1492,Kiridiela
1493,Kiridivita 
1494,Kiridiwela
1495,Kiriella
1496,Kiriilawala 
1497,Kirillawala
1498,Kirimatiyana
1499,"Kirimetithenna,"
1500,Kirimetiya
1501,Kirimetiyawa
1502,Kirinda
1503,Kirinda Puhulwella
1504,Kirindawa
1505,"Kirindigala,"
1506,Kirindiwela
1507,Kirindiwella
1508,Kirioruwa
1509,Kiriwallapitiya 
1510,Kiriwandala
1511,Kiriwaththuduwa
1512,Kiriwawla
1513,Kiriwewa
1514,Kithalawa
1515,Kithulampitiya
1516,Kithulawa 
1517,Kithulgala
1518,Kithulgala 
1519,Kithulgoda 
1520,Kithulhitiyawa
1521,Kithulkote
1522,Kiula
1523,Kiulekada
1524,Kivuldeniya
1525,Kiwllinda
1526,Kiwula
1527,Kobala
1528,Kobawaka
1529,Kobeigane
1530,Kochchikade
1531,Kochikade
1532,Koduruwawa
1533,Koggala
1534,Kohilagedara
1535,Kohilawatta
1536,Kohobagahapalassa
1537,Kohombakanda
1538,Kolambage Ara
1539,Kolaniya Junction
1540,Kolombugama
1541,Kolongoda
1542,Kolonna
1543,Kongahagedara
1544,Kongashandiya
1545,Kongasthenna
1546,Konwewa
1547,Koongahawela
1548,Kooragala
1549,Kopiwatta
1550,Koppakanda
1551,Korasagalla
1552,Korayagama
1553,Kos Hena
1554,Kosgama
1555,Kosgoda
1556,Koshena
1557,Koslanda
1558,Kospelawinna
1559,Kospoth
1560,Kossina
1561,Kossinna
1562,Kosuathota
1563,Koswana
1564,Koswaththa
1565,Koswatiya
1566,Koswatta
1567,Koswetiya
1568,Kotabowa
1569,Kotadeniyawa
1570,Kotagala
1571,Kotagama
1572,Kotamulla
1573,Kotapola
1574,Kotavahara
1575,Kotavehara
1576,Kotavehera
1577,Kotawaya
1578,Kotawehera
1579,"Kotaweheramankada,"
1580,Kotawella
1581,Kothalawala
1582,Kothmale
1583,Koththalena
1584,Kotiyakumbura 
1585,Kotmale
1586,Kottagoda
1587,Kottanthivu 
1588,Kottapitiya
1589,Kottapola
1590,Kottaramulla
1591,Kottawa Gama
1592,"Kottimulwala,"
1593,Kottukachchiya
1594,Kotugoda
1595,Kotugodella
1596,Kotuwegedara
1597,Kotuwegoda
1598,Kotuwella
1599,Kovinna
1600,Kowlara
1601,Kubaloluwa
1602,Kubiyangoda
1603,Kubuka
1604,Kubukgete
1605,Kudagalgamuwa
1606,Kudagama
1607,Kudagammana
1608,Kudagoda
1609,Kudaligama 
1610,Kudaoya
1611,Kudawa
1612,Kudawella
1613,Kudawewa
1614,Kukulkatuwa
1615,"Kukurampola,"
1616,Kuliyapitiya
1617,Kuliyapitiya 
1618,Kulupahana
1619,"Kumaragama,"
1620,Kumarakanda
1621,Kumarakattuwa
1622,Kumarigama
1623,Kumbaduwa 
1624,"Kumbalagama,"
1625,Kumbukkadawala
1626,Kumbukwewa
1627,Kumme
1628,Kundasale
1629,"Kuragala,"
1630,Kurana
1631,Kurinchipitiya
1632,Kuriwela
1633,Kurokotuwa
1634,Kuruduewattha
1635,Kurudugaha
1636,Kuruganmodara
1637,Kurukude
1638,Kurunagala
1639,Kurunduhinna
1640,Kurunduwatta
1641,Kurunegala
1642,Kurunegala 
1643,Kurunegoda
1644,Kurupanawa
1645,Kuruvita
1646,Kuruwita
1647,Kuttigala
1648,Labbala
1649,Labuduwa
1650,Labugama
1651,Labukelle
1652,Lagamuwa
1653,Laggala
1654,"Laginagala,"
1655,Lagoondeniya
1656,Lahupana
1657,Lakshauyna
1658,"Landuyaya,"
1659,Lanka Gama
1660,Lankapura
1661,Lassakanda
1662,Lathpandura 
1663,Laxapana
1664,Leemagahakotuwa
1665,Leliambe
1666,Lellopitiya
1667,Lellupitiya
1668,Lenadora
1669,Lenagala
1670,Lenawara
1671,Lewangama
1672,Lewella
1673,Lewwanduwa 
1674,Lidawewa
1675,Lihiniyawa 
1676,Lihiriyagama
1677,Lihriyagama
1678,Lindula
1679,Liyanagama
1680,Liyanagedara 
1681,Liyangawela
1682,Longwille
1683,Lorawatta
1684,Lunama
1685,Lunugala
1686,Lunugamwehera
1687,Lunuwatta
1688,Lunuwewa
1689,Lunuwila
1690,Mabodala
1691,Mabopitiya
1692,Mabotuwana
1693,Madagalla
1694,Madagama
1695,Madakimbiya
1696,Madakubura
1697,Madakumbura
1698,Madakumburumulla
1699,Madala
1700,Madalagama
1701,Madampagama
1702,Madampe
1703,Madampella
1704,Madatugama
1705,Madawala
1706,Madhuhalpathana
1707,Madige
1708,Madiha
1709,Madipola
1710,Madipola Nilanoruwa
1711,Madola
1712,"Madola,"
1713,Madolkale
1714,Madolsima
1715,Madugalla
1716,Madukotanarawa
1717,Maduragoda
1718,Madurankuliya
1719,Maduruoya
1720,Maduwakkulama
1721,Maduwanwela
1722,Maeliya
1723,Magalle
1724,Magalthota
1725,Magama
1726,Magas Watta 
1727,Magasthota
1728,Magedara
1729,Magelegoda
1730,Maggona
1731,Maggona 
1732,Maghagama 
1733,Magulagama
1734,Magulpokuna
1735,Maguwana
1736,Maha Ambana
1737,Maha Ingiriya
1738,Mahaarachchimulla
1739,Mahaedanda
1740,Mahagama
1741,Mahahunupitiya
1742,Mahailuppallama
1743,Mahaiyawa
1744,Mahakanda
1745,Mahakehelwala
1746,Mahakeliya
1747,Mahamodara
1748,Mahananneriya
1749,Mahanthegama
1750,Mahaoya
1751,Mahapallegama
1752,Mahara
1753,Maharagama
1754,Maharangalla
1755,Mahasenpura
1756,Mahaswedduma
1757,Mahauswewa
1758,Mahawa
1759,Mahawalawaththa
1760,Mahawela
1761,Mahawelithenna
1762,Mahawewa
1763,Mahena
1764,Mahenagama
1765,Mahimpitiya
1766,Mahiyanganaya
1767,Maho
1768,Maholawa
1769,Mahwalathenna
1770,Mailaththewa
1771,Makadura
1772,Makandura
1773,Makavita
1774,Makkanigama
1775,Makuletenna
1776,Makulewa
1777,Makulugaswewa
1778,Makuluwa
1779,Makulwewa
1780,Makumbura
1781,Malagoda
1782,"Malakandura,"
1783,Malawa
1784,Malayadigerammam
1785,Malekolaniya
1786,Malibada
1787,Maligaikkadu
1788,Maligatenna
1789,Maligathenna
1790,Maligavila
1791,Malimbada
1792,Malkaduwawa.
1793,Mallanda
1794,"Mallaththawala,"
1795,Mallawapitiya
1796,Mallepoia
1797,Malmaduwa
1798,Maloraththa
1799,Malpetthawa
1800,Malpitiya
1801,Malsanpura
1802,Malwala
1803,Malwana
1804,Malwatha
1805,Malwatta
1806,Mamadala
1807,"Mamalgaha,"
1808,Mampuri
1809,Manalchaenai
1810,Manam Pita
1811,Manampitiya
1812,Manana
1813,Manandola
1814,Mananwatta
1815,Manawilla
1816,Mandandawela
1817,Mandawala
1818,Maneruwa
1819,Mangalaeliye
1820,Mangedara
1821,Manikdiwela
1822,Manikhinna
1823,Manikwaththa
1824,Manilla 
1825,Maningamuwa
1826,Maniyangama
1827,Manuwangama
1828,Mapakadawewa
1829,Mapalagama
1830,Mapalagama Central
1831,Mapalana
1832,Maputugala
1833,Maradankadawala
1834,Maraka
1835,Marakkulama
1836,Maramba
1837,Marapana
1838,Marapola
1839,Marassana
1840,Marassna
1841,"Marathenna,"
1842,Maravila
1843,Marawa
1844,Marawila
1845,Mardagahamulla
1846,Mariarawa
1847,Mariyawatta
1848,Marukona
1849,Maruthamuni
1850,Masgolla
1851,Maskeliya
1852,Maspanna
1853,Maspotha
1854,"Massenna,"
1855,Maswela
1856,Matalapitiya
1857,Matale 
1858,Matale City
1859,Matara
1860,Mathara
1861,Mathetilla
1862,Mathews
1863,Maththaka
1864,Maththala
1865,Mathugama
1866,Mathugama 
1867,Mathurata
1868,Matihakka
1869,Matiwala
1870,Matuwagala
1871,Maussagolla
1872,Mavedippalli
1873,Maviela
1874,Mawanella
1875,Mawathagama 
1876,Mawathura
1877,Mawgama
1878,Mawila
1879,Mawilmada
1880,Mayurapura
1881,"Medabedda,"
1882,Medagalathura
1883,Medagama
1884,Medaganoya
1885,Medamulana
1886,Medawala
1887,Medawela
1888,Meddawatta
1889,"Meddekanda,"
1890,Medirigiriya
1891,Medumpitiya
1892,Mee- Ella
1893,Mee Oya
1894,Meedeniya
1895,Meegahakiula
1896,Meegahakotuwa
1897,Meegahapitiya
1898,Meegahatenna
1899,Meegahathanna 
1900,Meegalewa
1901,Meegas Ara
1902,Meegastenna
1903,Meegolla
1904,Meekanuwa
1905,Meennana
1906,Meepilimana
1907,Meepitya 
1908,Meethirigala
1909,Meetiyagoda
1910,Meewalapathaha
1911,Meewanapalana
1912,Meeyagala
1913,Megoda Kalugamuwa
1914,Megodawewa
1915,Meithrigama
1916,Mellava
1917,Mellawagedara
1918,Melpitiya
1919,Melsiripura
1920,Menerigala
1921,Menikdena
1922,Menikhinna
1923,"Metihakwala,"
1924,Metiyagane
1925,Midalana 
1926,Middeniya
1927,Midigama
1928,Migaswewa
1929,Mihidugama
1930,Mihiripanna
1931,Milidduwa
1932,Millagahamula
1933,Millaniya
1934,Millawa
1935,Millawana
1936,Millawitiya
1937,Minhettiya
1938,Minipe
1939,Minneriya
1940,Minuone Goda
1941,Minuwangamuwa
1942,Minuwangete
1943,Minuwangoda
1944,Minuwangoda 
1945,Minwangoda
1946,Mirahwatte
1947,Mirigama
1948,Mirihella
1949,Mirijjawila
1950,Mirissa
1951,Miriswatta
1952,Miriswatta 
1953,Mitipola
1954,Miyanawita
1955,Modarawana
1956,Mohoththowagoda
1957,Mohottigoda
1958,Molagoda
1959,Molakale
1960,Molkawa 
1961,Monaragala
1962,Monaragala 
1963,Mooloya
1964,Moonamaldeniya
1965,Moradana
1966,Moragahahena
1967,Moragahaknda
1968,Moragala 
1969,Moragala Kirilipana
1970,Moragane
1971,Moragolla
1972,Morakale
1973,Morapitiya 
1974,Morapola
1975,"Morathota,"
1976,Moratu Kade
1977,Morawaka
1978,Morayaya
1979,Morethota
1980,Moronthota
1981,Moronthuduwa 
1982,Morontuduwa
1983,Morris Road
1984,Mount Temple
1985,Mudalakkuliya
1986,Muddaragama
1987,Mudduwa
1988,Mudunpita
1989,Mugunamale
1990,Muhuthukatuwa
1991,Mukalana
1992,Muladiyawala
1993,Mulana
1994,Mulatiyana
1995,Mulgama
1996,Mulgampola
1997,Mulkirigala
1998,Munagama
1999,Mundal 
2000,Munhena 
2001,Munkara
2002,Munneshwarama
2003,Muriyakadawala
2004,Murungasyaya
2005,Muruthagahamula
2006,Muruthalawa
2007,Muruthenge
2008,Musalpitiya
2009,Muththettugama
2010,Muthupanthiya
2011,Mutthettugala
2012,Muttibathiwela
2013,Muwagammana
2014,Muwandeniya
2015,Naagoda
2016,Nabadagahawaththa
2017,Nabadagaswewa
2018,Naboda
2019,Naboda 
2020,Nachchimale
2021,Nadigamwila
2022,Nadukaradeniya
2023,Nagala Kanda
2024,Nagapokuna
2025,Nagarawawa
2026,Nagas Handiya 
2027,Nagasthenna
2028,Nagavillu
2029,Nagawila
2030,Nagoda
2031,Nagoda Thalawa
2032,Nagolla
2033,Nagolla Estate
2034,Nagollagama
2035,Nagollagoda
2036,Nahalla 
2037,Nahalwathura
2038,Nahinna 
2039,Nainamadama
2040,Naiwala
2041,Nakiyadeniya
2042,Nakkala
2043,Nakkawatta
2044,Nakulugamuwa
2045,Nalanda
2046,Nalawalakanda
2047,Nallanchiya
2048,Nallathanni
2049,Namaloya
2050,Namalthalawa
2051,Namunukula
2052,Nanneriya
2053,Nanuoya
2054,Napawala
2055,Narammala
2056,Narampanawa
2057,Naranbedda
2058,Narangamuwa
2059,Narangaswewa
2060,Narangoda
2061,Naranvita
2062,Naranwala
2063,Narawala
2064,Narawelpita
2065,Narawila
2066,Narthupana
2067,Naththandiya
2068,Nathuwala
2069,Natpiddimunai
2070,Nattandiya
2071,Natthawala
2072,Naula
2073,Navatkadu
2074,Navimana
2075,Nawadagala
2076,Nawagammanaya
2077,Nawagathegama
2078,Nawakkulama
2079,Nawalapitiya
2080,Nawamillana
2081,Nawayalthenna
2082,Nawththuduwa 
2083,Nayabedda
2084,Nayapana
2085,Nedagamuwa
2086,Nedumgamuwa 
2087,Nedurana
2088,Needola
2089,Neelagama
2090,Neelamahara
2091,Neelavenai
2092,Negampaha
2093,Negombo
2094,Neligama
2095,"Nelliwala,"
2096,Nelliya
2097,Nelliyagama
2098,Nelumgama
2099,Nelumwewa
2100,Nelundeniya
2101,Neluwa
2102,Neluwa-Badulla
2103,Neluwakanda 
2104,"Neluyaya,"
2105,Netolpitiya
2106,New Balaluwewa
2107,Newgala
2108,Nihiluwa
2109,Nikagoda Junction
2110,Nikahetikanda
2111,Nikapitiya
2112,Nikawatana
2113,Nikaweratiya
2114,Nikawewa
2115,Nikkapotha
2116,Nikula
2117,Nilamba
2118,Nildandahinna
2119,Nilgala
2120,Nilmalgoda
2121,Nilpanagoda
2122,Nilwakka 
2123,Nindana
2124,Nintavur
2125,Niralgama
2126,Niriella
2127,Niththawela
2128,Nittambuwa
2129,Nivithigala
2130,Nivitigala
2131,Niwandama
2132,Niwatuwa
2133,Niyadurupola
2134,Niyagama
2135,Nochchiyagama
2136,Nonagama
2137,Nooriya
2138,Norton Bridge 
2139,Norwood
2140,Nugaduwa
2141,Nugape
2142,Nugathalawa
2143,Nugawela
2144,Nuraicholai
2145,Nuwara Eliya
2146,Obbegoda
2147,Okkampitiya
2148,Olaboduwa
2149,Olagankanda
2150,Olket Mawatha
2151,Olugala
2152,"Oluganthota,"
2153,Olukaranda
2154,Omalpe
2155,Omaragolla
2156,Omaththa
2157,Onegama
2158,Ooriyawa
2159,Opanayaka
2160,Opatha
2161,Othnapitiya
2162,Oththappuwa
2163,Owala
2164,Owilana
2165,Owilikanda
2166,Owitigala 
2167,Padalangala
2168,Padawgama
2169,Padeniya
2170,Padikaramaduwa
2171,Padiwita
2172,Padiyapelella
2173,Padiyathalawa
2174,Padukka
2175,Paduwasnuwara
2176,Pahala Halmillewa
2177,Pahala Helessa 
2178,Pahala Kadugannawa
2179,Pahala Kimbiya
2180,Pahala Welgama
2181,Pahala Yagoda
2182,Pahalagama
2183,Pahalagama 
2184,Pahalamaragahawewa
2185,Pahalawewa
2186,Palabaddala
2187,Palagala
2188,Palakuda
2189,Palamure
2190,Palanda 
2191,Palanhandiya
2192,Palannoruwa
2193,Palapathwala
2194,Palaruwa
2195,Palathuruwalla
2196,Palatuwa
2197,Palaviya
2198,Palawattha
2199,Paldeniya
2200,Pallama
2201,Pallebedda
2202,Pallegama
2203,Pallekale
2204,"Pallekanda,"
2205,Pallemalala
2206,Pallepola
2207,Pallepola 
2208,Pallerota
2209,Pallethalawinna
2210,Pallewala
2211,Pallewaththa
2212,Pallewela
2213,Palugama
2214,Palugamuwa
2215,Palugasdamana
2216,Palugaswewa
2217,Palugolla
2218,Palugollegama
2219,Paluwewa
2220,Pamburana
2221,Pamgarden
2222,Pamunugam
2223,Panaagoda
2224,Panadura 
2225,Panakava
2226,Panamura
2227,Panangala
2228,Panapitiya
2229,Panapola
2230,Panawala
2231,Panawenna
2232,Panawewa
2233,Pandiruppu
2234,Pandiwela
2235,Panirendawa
2236,Pannala
2237,Pannalawela
2238,Pannampitiya
2239,Pannegamuwa
2240,Pansalgodella
2241,Pansiyagama
2242,Panthiya 
2243,Panvila
2244,Panvilathanna
2245,Paradeka
2246,Paragahadeniya
2247,Paragahakele
2248,Paragala
2249,Paragammana
2250,Paragoga
2251,Parakaduwa
2252,Parakandiniya
2253,Parana Thanayam Goda
2254,Parape
2255,Parawatta
2256,Pareigama 
2257,Passara
2258,"Passaramulla,"
2259,Pathagama 
2260,Pathakada
2261,Pathana
2262,Pathanawaththa
2263,Pathegama
2264,Paththampitiya
2265,Paththunupitiya
2266,Patithalawa
2267,Pattipola
2268,Pattiwela
2269,Payagala
2270,Payagala 
2271,Pebotuwa
2272,Peelwatta
2273,Pelatiyawa
2274,Pelawatta 
2275,Pelmadulla
2276,Pelwadiya
2277,Pelwaththa
2278,Pelwehera
2279,Pemaduwa
2280,Penideniya
2281,Pepiliyawala
2282,Peradeniya
2283,Peradise
2284,"Peraketiya,"
2285,Periyamulla
2286,Periyaneelavenai
2287,Pethigamuwa
2288,Pethiyagoda
2289,"Pettigala,"
2290,Piburathwewa
2291,Pidurangala
2292,Pihibuwa
2293,Pilana
2294,Pilassa
2295,Pilawala
2296,Pilessa
2297,Pilimatalawa
2298,Pilimathalawa
2299,Piliminawatta 
2300,Pimbura 
2301,Pinarawa
2302,Pinnaduwa
2303,Pinnagoda 
2304,Pinnawala
2305,Pinwatta
2306,Pitabeddara
2307,Pitadeniya
2308,Pitagldeniya
2309,Pitakanda
2310,Pitakubura
2311,Pitamaruwa
2312,Pitapola
2313,Pitigala 
2314,Pitigoda
2315,Pitihuma
2316,Pitipana
2317,Pitiyegedara
2318,Piyangala
2319,Piyangolla 
2320,Poddala
2321,Pohorabawa
2322,Pokunuwita
2323,Polagahamula
2324,Polaththewa
2325,Polegoda
2326,Polegoda 
2327,Polgahawela
2328,Polgampala 
2329,Polgolla
2330,Polhena
2331,"Pollamaura,"
2332,Polonnaruwa
2333,Polpagoda
2334,Polpitfhigama
2335,Polpitigama
2336,Polwatta
2337,Polwattakanda
2338,Polwattha
2339,Poojapitiya
2340,Poonagala
2341,Poppitiya
2342,Poramadulla
2343,Poramba
2344,Porathoto
2345,Poronuwa
2346,Poroththukadawala
2347,Poththaknda
2348,Pothuhera
2349,Pothupitiya
2350,Pothupitiya 
2351,Pothuwatawana
2352,Pottuvilluwa
2353,Pubbara
2354,Pubbogama
2355,Pugalla
2356,Pugoda
2357,Puhakgahakadawala
2358,Puhulpola
2359,Pulichchikulama
2360,Puliyankulam
2361,Puliyawatha
2362,Punawitiya
2363,Punchi Mola
2364,Pundaluoya
2365,Pupurassa
2366,Purijjala
2367,Pussallawa
2368,Pussathanna
2369,Pussella
2370,Pussellawa
2371,Puthukudirippuwa
2372,Puthupagala
2373,Puttalam
2374,Puwakdeniya
2375,"Puwakgahawela,"
2376,Puwakgodamulla
2377,Puwakpitiya
2378,Rabarwattha
2379,Radampala
2380,Radawana
2381,Radawela
2382,Ragala
2383,Ragalkanda
2384,Raigama 
2385,Raithalawela
2386,Raja Ela
2387,Rajakadaluwa
2388,Rajanganaya
2389,Rajathalawa
2390,"Rajawaka,"
2391,Rajawaththa
2392,Rajawella
2393,Rajjammana
2394,Rakawa
2395,Rakwana
2396,Rambawewa
2397,Ramble
2398,Ramboda
2399,Rambuka
2400,Rambukkana
2401,Rambukkana City
2402,Rambukpitiya
2403,Rammala Warapitiye
2404,Ranawana
2405,Ranawarawa
2406,Randenigala
2407,Randeniya
2408,"Randeniya,"
2409,Randiwela
2410,Rangama
2411,Ranna
2412,Rannagala 
2413,Ranpokunugama
2414,Ransegoda
2415,Rantabe
2416,Ranwala
2417,Rasnayakapura
2418,Rassagala
2419,Rathdella
2420,Rathdolugama
2421,Rathgaga
2422,Rathgama
2423,Rathjambugaha
2424,Rathkarawwa
2425,"Rathmalawinna,"
2426,Rathmale
2427,Rathmalgahaela
2428,Rathmalgoda
2429,Rathmalkaduwa
2430,Rathmalwala
2431,Rathmalwetiya
2432,Rathnapura
2433,Raththurugala
2434,Rathupaswala
2435,Ratnapura
2436,Rattota
2437,Rattota 
2438,Rawanakanda
2439,Redeepana
2440,Relpola
2441,Rendapola
2442,Reswehera
2443,Rideebediella
2444,Rideegama
2445,Rideemaliyadda
2446,Rideewita
2447,Ridipokuna
2448,Ridiyagama
2449,Rikillagaskada
2450,Ritigahayaya
2451,Riveston
2452,Rockhill
2453,Rodadeka
2454,Rojasungama
2455,Rotawala
2456,Rotumba
2457,Ruggahawila
2458,Ruhunugama
2459,Rumassala
2460,Rupaha
2461,Rusigama
2462,Ruwanwella
2463,Ruwingama
2464,Sadungama
2465,Sadunpitiya
2466,Sagaragama
2467,Salgala
2468,Saliya Ashokapura
2469,Saliyawatta
2470,Saliyawewa Junction
2471,Saluapullanawewa
2472,Samagipura
2473,"Samanalawaththa,"
2474,Samanpedesa
2475,Samarabedda
2476,Samarakoonhena
2477,Sammanthurai
2478,Sandalankawa
2479,Sandara Wala
2480,Sandasiriwatta
2481,Sangamittha
2482,Sangarajapura
2483,Sangattikulama
2484,Sannasgama
2485,Sapugahawatta 
2486,Sapugastenna
2487,Sarkit Handiya
2488,Seeduwa
2489,"Seelagama,"
2490,Seenigama
2491,Seepoth
2492,Seethaeliya
2493,"Seethagala,"
2494,Seethagama
2495,Sekkupitiya
2496,Selagama
2497,Sellakatharagama
2498,Selombridge
2499,Sembuwatta
2500,Senapura
2501,Senarathgama
2502,Serakkuliya
2503,Serankada
2504,Serukale
2505,Sewanagala
2506,Sewanapitiya
2507,Shalawa
2508,Shanthipura
2509,Shemrock
2510,Sidurangala
2511,Sigiriya
2512,Singakkuliya
2513,Singhakuliya
2514,Singhepitiya
2515,Sinhapura
2516,Sinharagama
2517,Sinimodara
2518,Siribopura
2519,Sirigala
2520,Sirigampola
2521,Sirimalwatta
2522,Sirimapura
2523,Siripagama
2524,Sirivijayapura
2525,Sisilasagama
2526,Sitinamaluwa
2527,Siyabalagahawewa
2528,Siyabalagoda
2529,Siyabalangamuwa
2530,Siyambalagaskotuwa
2531,Siyambalagaswewa
2532,Siyambalagoda
2533,Siyambalapitiya
2534,Solama
2535,Solepura
2536,Solewewa
2537,Somawathiya
2538,Soorigama
2539,Sorabora
2540,Soranathota
2541,Sorikkalmunai
2542,Sprinvely
2543,Stofield
2544,Subarathipura
2545,Suchi Gammanaya
2546,Suduganda Watta
2547,Suduhumpola
2548,Sulthanagoda
2549,Sungawila
2550,Suriyapokuna
2551,Suthuwella
2552,Sutriyawewa
2553,Suuriyakanda
2554,Suvinithagama
2555,Taharana
2556,Tanamalwila
2557,Tangalle
2558,Tempitiya
2559,Tenna
2560,Thabagalla
2561,Thabala
2562,Thabalagla
2563,Thabalana
2564,Thabbowa
2565,Thaiarmba
2566,Thaipawila
2567,Thaladuwa
2568,Thalagaha
2569,Thalagahawila
2570,Thalakiriyagama
2571,Thalapitiya
2572,Thalathuoya
2573,Thalawa
2574,Thalawakelle
2575,Thalawathura
2576,Thalawilla
2577,Thalawitiya
2578,Thalbodapitiya
2579,Thaldena
2580,Thalduwa
2581,Thalgahapoththa
2582,Thalgampola
2583,Thalgasgoda
2584,Thalgaspitiya
2585,Thalgaswala
2586,Thalgaswela
2587,Thalhena
2588,Thalpe
2589,Thalunna
2590,Thalwila
2591,Thambarawila
2592,Thambiligala
2593,Thambuththa
2594,Thambuththegama
2595,Thammita
2596,Thanabaddegama
2597,Thangalle
2598,Thanipolgaha
2599,Thannahena 
2600,Thannimale
2601,Tharela
2602,Thawalama
2603,Thawaluwila
2604,Thebuwana 
2605,Theladinnanwewa
2606,Thelbaduara
2607,Theldeniya
2608,Thelijjawila
2609,Thelikada
2610,Theliyagonna
2611,Thellmbura
2612,"Thelulla,"
2613,Thembiliyana
2614,Thenagallanda
2615,Thenkallagoda
2616,Thennakoonpura
2617,Theppanawa
2618,Theripaha
2619,Therunnansegama
2620,Thibirigaspitiya
2621,Thibirigaswewa
2622,Thihagoda
2623,Thihariya
2624,Thilakapura
2625,Thilladiya 
2626,Thimbirigaskatuwa
2627,Thimbiripola
2628,Thiniyawala 
2629,Thirappane
2630,Thiriwanaketiya
2631,Thismalpola
2632,Thispane
2633,Thissamaharama
2634,Thissapura
2635,Thissogama
2636,Thiththagalla
2637,Thiththakade
2638,Thiththapaththara
2639,Thiththawelgolla
2640,Thlahagma
2641,Thoduwa
2642,Thoduwawe
2643,Tholabugolla
2644,Tholangamuwa
2645,Thommodara
2646,Thonigala
2647,Thopawewa
2648,Thorakolayaya
2649,Thoranagoda
2650,Thorangalle
2651,Thorapitiya
2652,Thorayaya
2653,Thotagamuwa
2654,Thotagoda 
2655,Thotamuna
2656,Thubakarawilagama
2657,Thudawa
2658,Thuduwa
2659,Thulhiriya
2660,"Thumbagoda,"
2661,Thummodara
2662,Thunkama
2663,Thunnana
2664,Thunpalawaka
2665,Thunthota
2666,Thuthiripitiya
2667,Tissa
2668,Tunhiripahana
2669,Uda Maharakadawara
2670,Udabage
2671,Udagama
2672,Udahenthanna
2673,"Udakanda,"
2674,Udala Mttha
2675,Udamalala
2676,Udammita
2677,Udaperadeniya
2678,Udappuwa
2679,Udasgiriya
2680,Udatenna
2681,Udathalawinna
2682,Udathuththiripitiya
2683,Udawalawa
2684,Udawalpola
2685,Udawaththa
2686,Udawela
2687,"Udawela,"
2688,Udayala
2689,Udispaththuwa
2690,Udowita
2691,Udubaddawa
2692,Ududha
2693,Ududumbara Gammanaya
2694,Udugala
2695,Udugala Kanda
2696,Udugama
2697,Udugama Estate
2698,Udugampola
2699,Udugampola 
2700,Uduhawera
2701,Udukawa
2702,Udukumbura
2703,Udunuwara Janapadaya
2704,Udupihilla 
2705,Udupila
2706,Udupussellawa
2707,Uduthuththiripitiya
2708,Uduwa
2709,Uduwara
2710,Uduwawala
2711,Uduwella
2712,Uduwila
2713,Uggalboda 
2714,Uhumeeya
2715,Ukuwela
2716,Ukwatta
2717,Ulagalla
2718,Ulapane
2719,Ulinduwawa
2720,Ulpathamadawala
2721,Ulpathgama
2722,"Ulupitiya,"
2723,Uluvitike
2724,Unagalawehera
2725,Unaleeya
2726,Unambuwa
2727,Unanwitiya
2728,Unawatuna
2729,Undugoda
2730,Unuwathura Bubula
2731,Upcot
2732,Upuldeniya
2733,Uraeiya
2734,Uragaha
2735,Urala
2736,Urapola
2737,Urawaththa
2738,Urubokka
2739,Urugala
2740,Urumeewala
2741,Urupitiya
2742,Usgala
2743,Ussapitiya
2744,Uswawa
2745,Uswewa
2746,Uthuwankanda
2747,Uurupereththa 
2748,Uva Paranagama 
2749,Uvatenna
2750,"Uwella,"
2751,Uyandana
2752,Vavinna
2753,Veeramunai
2754,Veyangoda
2755,Vidhurupola
2756,Vidulipura
2757,Viharagoda
2758,Viharahena
2759,Vijithapura
2760,Vinithagama
2761,Vitharandeniya
2762,Vitiyala
2763,Wadduwa 
2764,Wadhakada
2765,Wadigala
2766,Wadigawewa
2767,Wadikubura
2768,Wadu Waliwitiya
2769,Wadumunnegedara
2770,Waduruppa
2771,Waga
2772,Waguruwela
2773,Wahadiwela
2774,Wahakotte
2775,Waharaka
2776,Wahumuwa
2777,Waikala
2778,Wakunugoda
2779,Wakwella
2780,Wakwella Rd
2781,Walahapitiya
2782,Walakumbura
2783,Walakumburumulla
2784,Walalgoda
2785,Walallawita 
2786,Walangoda
2787,Walapane
2788,Walasgala
2789,Walasmulla
2790,Walawa
2791,Walawawattha
2792,Walawela
2793,"Waleboda,"
2794,Walgama
2795,Walgama 
2796,Walhengoda
2797,Waligattha
2798,Walihena
2799,Walikanda
2800,Walipillewa 
2801,Waliwattha
2802,Wallahgoda
2803,"Wallawaya,"
2804,Walmoruwa
2805,Walpitagama
2806,Walpola
2807,Waludara
2808,Wambatuyaya
2809,Wanamandawa
2810,Wanaraniya
2811,Wanathavilluwa
2812,Wanchawala
2813,Wanduramba
2814,"Wanniarachchigama,"
2815,Waolahanduwa
2816,Waradala
2817,Warakagoda 
2818,Warakamura 
2819,Warakapola
2820,Warakapola 
2821,Waralla
2822,Warawala
2823,Warawewa
2824,Warayaya
2825,Wariyagoda
2826,Wariyapola
2827,Waskaduwa 
2828,Wataddra
2829,Watadeniya
2830,Watagoda
2831,Watakedeniya
2832,Watapatha
2833,Watapuluwa
2834,Wataraka
2835,Watarake
2836,Watawala
2837,Waththawa 
2838,Wathugedara
2839,Wathupitiwala
2840,Wathupitiya
2841,Wathura
2842,Wathuragama
2843,Wathurawila
2844,Wathuwatta
2845,Watiya
2846,Wattahena
2847,Wattappola
2848,Wattarama
2849,Wattegama
2850,Watthe Hana
2851,Waulugala
2852,Wavinna
2853,Wawala
2854,Wawlpane
2855,Weboda
2856,Weddagala
2857,Weediyagoda
2858,Weediyawatta
2859,Weeragama
2860,Weeragoda
2861,Weeragula
2862,Weeraketiye
2863,Weerakodiyana
2864,Weerakumanthaluwa
2865,Weerambuwa
2866,Weeranketagoda
2867,Weerapahana
2868,Weerapana
2869,Weerapokuna
2870,Weerapura
2871,Weerawila
2872,Weerawila Newtown
2873,Weermbugedara
2874,Wegama
2875,"Wegapitiya,"
2876,Wegiriya
2877,Wegowwa
2878,Wehara
2879,Weharayaya
2880,Wehella
2881,Wehera
2882,Weheragala
2883,Wehigala
2884,Wekandawala
2885,Welamboda
2886,Welangahawatta
2887,Welangalla
2888,Welawela
2889,Welegoda
2890,Welewewa
2891,Welgama 
2892,Welgolla
2893,Weligalla
2894,Weligama
2895,Weligampitiya
2896,Weligampola
2897,Weligamuwa
2898,Weligepola
2899,Welihena
2900,Welihinda
2901,Welikanda Tawn
2902,Welikonda
2903,Welilanda
2904,Welimada
2905,Welimaluwa
2906,Welimannathota
2907,"Welioya,"
2908,Welipanna 
2909,Welipenna
2910,Welipennagahamulla
2911,Welipennagahmulla
2912,Welipitiye
2913,Weliveriya
2914,Weliwa
2915,Weliweriya
2916,Wellandura
2917,Wellarawe
2918,Wellatha 
2919,Wellawa
2920,Wellawala
2921,Wellawaya
2922,Welmilla 
2923,Wendala
2924,Weniwalpitiya
2925,Wennappuwa
2926,Wennapuwa
2927,Weragoda
2928,Werahera
2929,Werakale
2930,Werallawatta
2931,Weralugastenna
2932,Weralupa
2933,Werellagama
2934,Wergampita
2935,Wetakeyawa
2936,Wetiya
2937,Weuda
2938,Wewagama
2939,Wewagedara
2940,Wewahamanduwa
2941,Wewalhinna
2942,Wewathenna
2943,Wewegama
2944,Wewelkadura
2945,Wewelketiya
2946,Wewelwaththa
2947,Wewethenna
2948,Wiharagala
2949,Wijeriya
2950,Wijeyakatupotha
2951,Wijithapura
2952,"Wikiliya,"
2953,Wilamulla
2954,Wilapola
2955,Wilaththawa
2956,Wilegoda
2957,Wilgamuwa
2958,Wipaththuwa
2959,Wirana
2960,Withikuliya
2961,Wiyayabahupura
2962,Yagamwela
2963,Yagodamulla
2964,Yahalarawa
2965,Yahalathenna
2966,Yahangala
2967,Yakagala
2968,Yakalla
2969,Yakdessawa
2970,Yakkaduwa
2971,Yakkala
2972,Yakkala 
2973,Yakkalamulla 
2974,Yakkella
2975,Yakupitiya 
2976,Yakwila
2977,Yala
2978,Yalagala
2979,Yalwela
2980,Yanthampalawa
2981,Yapagama
2982,Yatagala
2983,Yatagama
2984,Yatagampitiya
2985,Yatala Mattha
2986,Yatanwala
2987,Yatapana
2988,Yatattawala
2989,Yatawara
2990,Yatawathura
2991,Yatawatta
2992,Yatipiyangala
2993,Yatiwawala
2994,Yatiyana 
2995,Yatiyanthota
2996,Yatiyena
2997,Yattapatha
2998,Yattogoda
2999,Yaya
3000,Yayawatta
3001,Yoda Ela
3002,Yodakandiya
3003,Yogiyana
3004,Yudaganawa
3005,Yudaganva
3006,Aalankulam
3007,Aandiyapuliyankulam
3008,Aanigeravu
3009,Aasikulam
3010,Aaythiyamalai
3011,Abaypura
3012,Achchuweli
3013,Adalachennai
3014,Adampan
3015,Addalaichenai
3016,Akbopura
3017,Akkaraipattu
3018,Akkarayan
3019,Alambil
3020,Alankerny
3021,Alaveddy
3022,Alayadiwembu 
3023,Alle Wewa
3024,Aluth Oya
3025,Ampalankodalla
3026,Ampara
3027,Anaicoddai 
3028,Analativu 
3029,Ananthapuram
3030,Andankulam
3031,Annanagar
3032,Aralaganwila
3033,Aranaganwila
3034,Aranthalawa
3035,Arayampathy
3036,Ariveyal Nakar
3037,Ariyalai
3038,Arugambey
3039,Atchuvely 
3040,Athimale
3041,Aththaavettunuwa
3042,Ayilayady
3043,Bakkmeegama
3044,Bathalayaya
3045,Batticaloa
3046,Bawlana
3047,Bihirisorowwa
3048,Buddama
3049,Buddangala
3050,Bundala
3051,Chavakachcheri 
3052,Chavakkadu
3053,Cheddikulam
3054,Chinabay
3055,Chulipuram 
3056,Chunnakam
3057,Colombothurai
3058,Deegawapi
3059,Dehiaththakandiya 
3060,Dihiwatha
3061,Dobagahawela
3062,Echchalampurattu
3063,Eluthoor
3064,Eluvaitivu 
3065,Emil Nagar
3066,Eragama
3067,Eravur
3068,Erukkalampitti
3069,Galmettiyawa
3070,Giradurukotte
3071,Gomarankadawela
3072,Hahadahollawa
3073,Higurana
3074,Horowpathana
3075,Hulannuge
3076,Hungamalagama
3077,Ichchalavakai
3078,Iginiyagala
3079,Ilavalai 
3080,Iluppakadavi
3081,Iraddaperiyakulam
3082,Irakkakandy
3083,Iranai Iluppankulam
3084,Iranamadu
3085,Iranappalai
3086,Iranimadu
3087,Iyakkachchi
3088,Iyanar Puram
3089,Iyankulam
3090,Jaffna 
3091,Janagapura
3092,Jayanthipura
3093,Jeyanthiwewa
3094,Jeyapuram
3095,Kagapapura
3096,Kaithady 
3097,Kakkamunai
3098,Kalkadawela
3099,Kallady
3100,Kallanpatthai
3101,Kalliyadi
3102,Kalmadu
3103,Kalukale
3104,Kaluthavalai
3105,Kaluwanchikudy
3106,Kalyanapura
3107,Kanagarayankulam
3108,Kanakapuram
3109,Kandauda Panguva
3110,Kandavalai
3111,Kanesapuram
3112,Kankesanthurai
3113,Kannakudha
3114,Kanniya
3115,Kantale
3116,Kanthalawa
3117,Kappalthurai
3118,Karadiyanaru
3119,Karainagar 
3120,Karaitivu 
3121,Karukkandal
3122,Katharagama
3123,Kathiraveli
3124,Kattal Adampan
3125,Kattankudy
3126,Kawanthispura
3127,Kddaikadu
3128,Kebithigollewa
3129,Keerimalai 
3130,Keranchi
3131,Kesnapuram
3132,Kilinochchi
3133,Kilivetty
3134,Kinniya
3135,Kiran
3136,Kithulwathuwa
3137,Koddu Karajan Kudiyiruppu
3138,Kodikamam 
3139,Kokkaticholai
3140,Kokkavil
3141,Kokkelai
3142,Kokkuthoduvai
3143,Kokmaduwa
3144,Kokupudayan
3145,Kokuvil
3146,Kokuvil  
3147,Komari
3148,Koneshapuri
3149,Koneshwaram Kottuwa
3150,"Kongaspitiya,"
3151,Koomankulam
3152,Kopay 
3153,"Kotagoda,"
3154,Kotiyagala
3155,Kotti
3156,Kovilkulam
3157,Kubukana
3158,Kuchchaveli
3159,Kuda Oya
3160,Kudumbimalai
3161,Kulumaaddu Santhi
3162,Kumburupitty
3163,Kunchikulam
3164,Kurikadduwan 
3165,Kurinchakerny
3166,Kurinchamunai
3167,Kurukkalmadam
3168,Kurumankadu
3169,Lahugala
3170,Lankapatnam
3171,Linganagar
3172,Love Lane
3173,Madawachchiya
3174,Madcove
3175,Madukkantha
3176,Mahadilwewa
3177,Mahakalugolla
3178,Maharampaikulam
3179,Mahasenapura
3180,Mailampavali
3181,Malayala Puram
3182,Maliduwa
3183,Mallakam
3184,Mallavi 
3185,Mallikativu
3186,Manaiyaveli
3187,Mandaitivu 
3188,Mandoor
3189,Manipay
3190,Mankulam
3191,Mankulam 
3192,Mannar
3193,Mantahai
3194,Marakkalampalai
3195,Marichutti
3196,Maruthanamadam
3197,Mathagal 
3198,Mathavuvaithakulam
3199,Mattala
3200,Mayilakuta
3201,Mayilawewa
3202,Meesalai 
3203,Meewathpura
3204,Menicfarm
3205,Mirusuvil 
3206,Molkawa
3207,Moonrumurippu
3208,Morawewa
3209,Mugamalai 
3210,Mukaththuvaram
3211,Mulankavil
3212,Mulkirigala
3213,Mullikulam
3214,Mullipothana
3215,Mullitheevu
3216,Muruganoor
3217,Murukandi
3218,Murungan
3219,Musali
3220,Muthaliyarkulam
3221,Muththarippu
3222,Muthukandiya
3223,Muthur
3224,Mutkomban
3225,Muttur
3226,Naayaru 
3227,Naddankandal
3228,Nadukuda
3229,Nainamadu
3230,Nainativu 
3231,Nallur 
3232,Nanaddan
3233,Navatkudha
3234,Nawamadagama
3235,Nedunkeni
3236,Neduntheevu 
3237,Neelapola
3238,Neervely 
3239,Nelliady  
3240,Nelukkulam
3241,Neriyakulam
3242,Nilaveli
3243,Nilaweli
3244,Nintavur
3245,Nochchimoddai
3246,Nuwaragala
3247,Oddamavady
3248,Oddi Suddan
3249,Oluvil
3250,Omantha  
3251,Orr's Hill
3252,Padavi
3253,Paddanichoor
3254,Palai
3255,Palaiyoothu
3256,Palal
3257,Palali
3258,Palamunai
3259,Paliyan
3260,Pallamadu
3261,Pallekudirippu
3262,Pallikudiyuruppu
3263,Pallimuai
3264,Pampaimadu
3265,Panama
3266,Pandarikulam
3267,Pandiyan Kulam
3268,Pankattu
3269,Pannai 
3270,Pappamottai
3271,Parakkiramapura
3272,Paranthan
3273,Pasgoda
3274,Pasikkudha
3275,Pasikuda
3276,Penetiyana
3277,Peraru
3278,Periyakallaru
3279,Periyakarishal
3280,Periyathampanai
3281,Pesalai
3282,Pihitiwewa
3283,Pilayarady
3284,Point Pedro
3285,Point Pedro 
3286,Polikandy 
3287,Poo Oya
3288,Poogaswewa
3289,Poonakari
3290,Poonawa  
3291,Poonthoddam
3292,Poovarasankulam
3293,Poovarasanthiru
3294,Pothuvil
3295,Pudavai Kaddu
3296,Pulikandikulama
3297,Puliyankulam
3298,Puliyantivu 
3299,Pulmude
3300,Punanai
3301,Punani
3302,Pungudutivu (Kayts) 
3303,Puthukadu
3304,Puthukkulam
3305,Puthukudigirupu
3306,Puttur 
3307,Ranminithanna
3308,Ranveli 
3309,Rasenthirakulam
3310,Redeethenna
3311,Rideekotaliya
3312,Ruwanpura
3313,Sadunpura
3314,Sagama
3315,Sainthamaruthu
3316,Salappaiyaru
3317,Salli
3318,Samanturai
3319,Samar
3320,Samavachchativu
3321,Sampathnuwara
3322,Sampoor
3323,Sandilipay  
3324,Sanganai 
3325,Santhipuram
3326,Santhiveli
3327,Sarthapura
3328,Sasthirikoolankulam
3329,Sathurukondan
3330,Selvanakar
3331,Selvanayapuram
3332,Sembiyan Pattu
3333,Sempadu
3334,Serunuwara
3335,Seruvila 
3336,Shingapura
3337,Silavathurai
3338,Siripura
3339,Sirunavatkulam
3340,Sithamparapuram
3341,Siyabalanduwa
3342,Somapura
3343,Sooriyapura
3344,Srinagar
3345,Sripura
3346,Srithishapura
3347,Surongal
3348,Suthanthera Puram
3349,Talai Mannar
3350,Tekkawatta
3351,Thalaimannar
3352,Thalaimannar Peer
3353,Thaliyadi
3354,Thambiluvil
3355,Thampalagamam
3356,Thanamalwila
3357,Thandikulam
3358,Thandiyadi
3359,Thannamunai
3360,Tharapuram
3361,Tharmapuram
3362,Thavasikulam
3363,Thellipali
3364,Thepudeniya
3365,Theram Kandal
3366,Theravel
3367,Thertkiluppaikulam
3368,Thiriyaya
3369,Thiruketheswaram
3370,Thirukkovil
3371,Thirunelvely 
3372,Thiruvaiaru
3373,Thissapura 
3374,Thoddaveli
3375,Thondamanakar
3376,Thondamanaru 
3377,Thoppur
3378,Thunukkai
3379,Thurai Nilavanai
3380,Trincomalee
3381,Udiyar Kaddu
3382,Uduththurai
3383,Uduvil 
3384,Uhana
3385,Uluksena
3386,Umiyal Puram
3387,Unnichai
3388,Uppukulam
3389,Urumpirai
3390,Uruththera Puram
3391,Uthayanakar
3392,Vaalavaithakulam
3393,Vaddakachchi
3394,Vaddukoddai  
3395,Vadduvakal
3396,Vagarai
3397,Vaharai
3398,Vairavarpuliyankulam
3399,Valaichenai
3400,Valaipadu
3401,Valvettithurai  
3402,Vanneri
3403,Vantharumoola
3404,Varothayanagar
3405,Vasavula
3406,Vattakkandal
3407,Vavunikulam
3408,Vavuniya
3409,Velanai 
3410,Velikkulam
3411,Vellaimanal
3412,Vellamkulam
3413,Vellankulam
3414,Vellavali
3415,Vellimalai
3416,Veppankulam
3417,Verugal
3418,Veruvel
3419,Vesvamadu
3420,Vettilaikeny
3421,Vidaththal Theevu
3422,Vijithapura
3423,Vilpita
3424,Vinayagapuram
3425,Waahalhada 
3426,Wanela
3427,Welikanda
3428,Welioya
3429,Wendarasanpura
3430,Yakkure
3431,Yala
3432,Yokapuram
3433,Angunakolapelessa
3434,Ambalantota
3435,Bibile
3436,Buttala
3437,Deraniyagala
3438,Kitulgala
3439,Matugama
3440,Tissamaharama
3441,Padaviya
3442,Pottuvil
3443,kallar
3444,mullativu
3445,andigama
3446,Rambewa
3447,Ihala Puliyankulama
3448,pasyala
3449,Kengalla
3450,Sooriyawewa
3451,weweldeniya
3452,mihintale
3453,Medawachchiya
3454,Banduragoda
3455,Tangalla
3456,Mutur
3457,Siyambalanduwa
3458,Tambuttegama
3459,Talawa
3460,Medamahanuwara
3461,Halloluwa
3462,Kataragama
3463,Weeraketiya
3464,Bentota
3465,Uva Kudaoya
3466,Udawalawe
3467,Kattankudi
3468,Eppawala
3469,Dehiattakandiya
3470,Walgammulla
3471,Talpe
3472,Hambantota
3473,Pamunugama
3474,Tittapattara
3475,Pulmoddai
3476,Toppur
3477,Paragastota
3478,Kuda Uduwa
3479,Nelumdeniya
3480,Maliboda
3481,Tirukovil
3482,Kahatagasdigiliya
3483,Nedungamuwa
3484,Yatiyantota
3485,Madulkele
3486,Yahalatenna
3487,Oddamavadi
3488,Galigamuwa Town
3489,Welioya Project
3490,Sooriyawewa Town
3491,Hanguranketha
3492,Mirahawatta
3493,Walahanduwa
3494,Kaleliya
3495,Hambegamuwa
3496,Parasangahawewa
3497,Poruwedanda
3498,Kahataliyadda
3499,Hali Ela
3500,Marandagahamula
3501,Padavi Sripura
3502,Ambatenna
3503,dompe
3504,Hataraliyadda
3505,raddolugama
3506,loluwagoda
3507,udispattuwa
3508,tawalama
3509,inginiyagala
3510,padiyatalawa
3511,attanagalla
3512,gintota
3513,radawadunna
3514,uragasmanhandiya
3515,teldeniya
3516,madawala bazaar
3517,Battuluoya
3518,Mugunuwatawana
3519,Norochcholai
3520,Watareka
3521,Tunkama
3522,Ipologama
3523,Puthukudiyiruppu
3524,Pihimbiyagolewa
3525,Haltota
3526,Gonapinuwala
3527,Ududumbara
3528,Ellakkala
3529,Hemmatagama
3530,Nawamedagama
3531,Nikapotha
3532,Medawala Harispattuwa
3533,Biyagama Ipz
3534,Hingula
3535,Uva Tenna
3536,kamburupitiya
3537,kaburupitiya
3538,kirulapana
3539,Kinnia
3540,WELLAWATTA
3541,kottantivu
3542,talatuoya
3543,ratgama
3544,mattaka
3545,handapangoda
3546,karativu
3547,kanake bazaar
3548,lakshapana
3549,Girandurukotte
3550,Werunketagoda
3551,poruwadanda
3552,city office
3553,Nikadalupotha
3554,Raththnapitiya
3555,ThaleiMannaram
3556,Kirimatimulla
3557,kalhedihena
3558,gallawaththa
3559,Meerigama
3560,aturugiriya
3561,mattegoda
3562,minuwangate
3563,Jaela
3564,Moraweka
3565,devinuwara
3566,welipannagahamulla
3567,kolabageara
3568,Hambantotha
3569,Uswetakeiyawa
3570,gonapola
3571,bulathsunhala
3572,dewinuwara
3573,Bible
3574,ganemula
3575,Awissawella
3576,mihinthale
3577,pollpithigama
3578,Diyathalawa
3579,thalatuoya
3580,Agalawatte
3581,WAIKKALA
3582,hingurakgoda
3583,aranayake
3584,Ja-ela
3585,siyambalape
3586,baththaramulla
3587,makullewa
3588,waduwegama
3589,parakramapura
3590,wanatawilluwa
3591,Dummalasuriya
3592,heiyantuduwa
3593,Mawarala
3594,nuwaraeliya
3595,kolambage-ara
3596,agalawattha
3597,talawakelle
3598,thanamalvila
3599,mankadura
3600,panwila
3601,mawanalla
3602,Elpitya
3603,kahawattha
3604,Meegahawaththa
3605,beliaththa
3606,AThURUGRIYA
3607,thambuttegama
3608,mundalama
3609,suriyawewa
3610,dewundara
3611,nachchikuda
3612,raththanawattha
3613,weligalle
3614,ridigama
3615,kaduruwela
3616,agunkola palassha
3617,MULLAITIVU
3618,aththanagalla
3619,dikwella 
3620,Halawatha
3621,MADURANKETIYA
3622,KENGALE
3623,Udumulla
3624,KAWDUPALALLA
3625,pepalawatta
3626,Batugoda
3627,Kanthale
3628,oddusuddan
3629,Colpetty
3630,Karawanella
3631,Negambo
3632,NAGASHANDIYA
3633,kegalla
3634,HALDUMMULLA
3635,gatahaththa 
3636,Meddekanda
3637,Ginigathena
3638,Nawatalwatta
3639,Heiyanthuduwa
3640,Hingurana
3641,Kongahawela
3642,Tulhiriya
3643,Wadakada
3644,nawagaththegama
3645,angamuwa
3646,Gomagoda
3647,Andiambalama
3648,nauththuduwa
3649,Meegahathenna
3650,harispaththuwa
3651,puhul wella
3652,dhargatown
3653,Karaveddy
3654,Warukandeniya
3655,wellawatte
3656, Kohuwala
3657,saliyawewa
